"log1p_return","return","log1p_lower_return","lower_return"
0.0211486837181976,0.0213739020178313,0.242790689944421,0.274801767362754
0.228503302806389,0.256717675820212,0.0837566422572229,0.0873642430999554
0.155088567368801,0.167761382078194,-0.0703082950306871,-0.0678935881698549
0.270929916054314,0.311183174274034,-0.19020431747869,-0.173209811002074
0.083425500017568,0.087004230480157,0.0666287851365353,0.068898613465263
0.106381243303577,0.112245831961674,0.173484128887329,0.189441808854838
-0.0387601379492796,-0.0380185756874554,-0.0661629969732704,-0.0640217097709527
-0.314751689845273,-0.270029889242157,0.0187210213033041,0.0188973583066944
0.330854520210767,0.392157246832566,-0.00375228391942548,-0.00374525289899693
0.330466602075863,0.391617308522584,0.168119176166892,0.183077596899678
0.192825749941448,0.212671467033693,0.0809905065638706,0.0843606022097776
0.143003282116665,0.153733588348033,0.107446901098537,0.113431737174754
0.293621077381849,0.341275567713279,0.137032991158751,0.146865984334026
-0.344029363665355,-0.291091888396668,0.142326188953864,0.152952667631543
0.324197036787175,0.382919766344034,-0.282822367656736,-0.246346350765967
0.0189526086954007,0.0191333494139466,0.283158305962508,0.327315267107169
-0.292155348071863,-0.253347464068409,-0.228919655341144,-0.204607563528107
0.310207664938267,0.363708279125038,-0.0484806924166389,-0.0473242670056036
0.23523556133477,0.265206767427924,-0.0280161944141268,-0.0276273803311491
0.208284048935209,0.231562944012873,0.190695302843936,0.210090684712756
0.203333934077053,0.225481630004231,0.114317034391927,0.121107498182369
0.139154763339258,0.149301956048986,-0.362599387394711,-0.30413484998263
0.149857123570542,0.161668255858148,-0.0414118467955238,-0.0405660912127499
0.208646020614816,0.232008815611837,0.129549629361722,0.138315603937792
0.187067111412797,0.205708199115429,-0.0440665036098009,-0.0431096813034109
0.2882222727599,0.33405379499011,-0.254008830035353,-0.224315047309319
0.288635731902794,0.334605485771701,0.261346422488262,0.298677478600079
0.0269520219136,0.0273185128047123,0.116820743561978,0.123917942105172
0.3064318368248,0.358568859953852,0.26934191779348,0.309102670029421
-0.0872286247001995,-0.0835324554378284,0.142958196021968,0.153681572178825
0.137143742902133,0.146993008775176,0.172758899538108,0.188579503468248
0.28498898847291,0.329747385491497,0.116044005300293,0.123045290991174
0.00262897971725923,0.00263243851480815,-0.0834057913322546,-0.0800222475327469
-0.00465141047233025,-0.00464060941584426,0.15214451354841,0.164328485515641
0.220182144828268,0.246303717691118,-0.0669465709176653,-0.0647548307069531
-0.126357316859408,-0.11870011279131,-0.325394229116998,-0.277757431539567
0.243777495964521,0.276060370317574,0.0441985737418837,0.0451898815488473
-0.444790110388573,-0.359041207493081,0.0192847686186843,0.0194719208959295
-0.0609724150333982,-0.0591508072883891,0.0367736760247099,0.0374581926031824
-0.27855928506431,-0.243126604868124,0.166482715718344,0.181143120483571
0.29239943629633,0.3396380108298,0.0582837959678884,0.0600157812320214
-0.0533220091257068,-0.0519253253729328,0.135786060542381,0.145436813249055
0.192519435497919,0.212300065133872,0.00132440425272165,0.00132528166333999
-0.00283670460711222,-0.00283268496234481,0.056368876127786,0.0579878782372372
0.320732879074063,0.378137402382858,-0.118248002227836,-0.111524318658888
0.231239402999468,0.260160889636602,0.131470871671994,0.140504686243938
0.129771748563881,0.138568473774128,-0.0341767251237005,-0.0335992977382358
-0.116203210047391,-0.109705711830314,0.104377131142994,0.110018998721403
0.217956814732705,0.243533364138751,-0.179471243843395,-0.164288017537727
-0.253522615828736,-0.223937806562989,-0.117514032656178,-0.110871965169105
-0.544145579606935,-0.419662576303256,-0.230774051765478,-0.206081169670977
0.320190547922911,0.377390198173351,-0.148662176181106,-0.13813977736361
0.270154330937328,0.310166634375989,0.157115338482841,0.170130567202456
0.0434111521251226,0.0443672003834699,-0.153037601840573,-0.14190254483895
0.213208286807511,0.237642408985108,0.0878986948198742,0.0918775035780058
0.0096531176022453,0.00969985922168565,0.15210764178613,0.164285555463965
0.33084397579416,0.392142567423967,0.129942729417328,0.138763163827142
0.0476285951378728,0.0487810605950487,-0.0423458870669703,-0.041461822731571
-0.129663297751397,-0.121608862593634,-0.0703537949274345,-0.0679359979505231
0.250213572029546,0.28429967788819,-0.0213029609210408,-0.021077655575522
-0.0783795365472962,-0.0753865646500767,0.0335005928216976,0.0340680567440776
-0.321402520740736,-0.274868688154472,0.0572565294758094,0.0589274216522606
0.067429466683745,0.0697548035829754,0.1266031064519,0.134966467508889
-0.571294583100507,-0.435206207285863,-0.0385818348967639,-0.0378470361704817
0.0705293883975636,0.0730761049545098,0.0301580767619156,0.0306174377448582
0.134962836388447,0.144494250021222,-0.0715802857087443,-0.0690784651006979
0.336569820591565,0.400136624224551,-0.0168813813213194,-0.0167396892433844
-0.118390210886534,-0.111650658610286,0.161382231317788,0.175134056019617
0.0719954257328046,0.0746504283143699,0.267790165522839,0.307072842290909
0.129441831559995,0.1381929026316,-0.352171604466681,-0.296840553679381
0.0660224030098738,0.0682506489277562,0.0265765637188561,0.0269328700513639
-0.194969476647535,-0.177140225888382,-0.052357463425237,-0.0510104228600859
-0.0379361342311613,-0.0372255727432434,0.210403635059503,0.234176116183596
0.23275357137277,0.262070430719485,-0.02528063076857,-0.0249637515408689
0.0461439916830977,0.0472251918190339,-0.0257219481928594,-0.0253939570910428
-0.34561840754606,-0.29221747994936,0.0477544032351973,0.0489130140450243
-0.194442366315299,-0.176706373665517,-0.0379735271981062,-0.0372615730624936
0.284214839987607,0.328718361927091,0.104190526386709,0.109811883221644
0.247567400583648,0.280905693265638,0.207570461780941,0.230684430001789
0.223356618637089,0.250266362529167,0.103354647267918,0.108884602244067
0.118138116929348,0.125399537362005,0.0325804881418075,0.0331170434687186
0.185331892727881,0.203617845854287,0.0819616452473049,0.0854141782387914
-0.213427299308326,-0.192189113573998,0.0364385832515097,0.0371106061004588
0.259430671623499,0.296191917715299,0.0855216794504323,0.0892851761920702
0.0594701801785505,0.0612741135031041,0.0895222671483759,0.093651685545576
0.153277478205712,0.165648376092722,-0.246478782080496,-0.218452055817552
0.283163323413384,0.327321926863027,-0.0232623525831111,-0.0229938699347193
-0.214979015338568,-0.193441634646036,-0.0930524828730328,-0.0888543205017464
-0.264660309924547,-0.2325333935084,0.14414285168039,0.155049097444663
0.250123171048083,0.284183581184523,-0.054913289341615,-0.0534327781378955
0.299266426397931,0.348868949899365,-0.157659675022206,-0.145859582170914
-0.143321498716251,-0.133524546635298,0.0246086720298499,0.0249139645364484
0.0534675730503884,0.0549227832850182,0.15308834062933,0.165427929032023
0.0309384385342982,0.0314220060815823,0.0576258043670737,0.0593185291693965
0.00137449252899996,0.00137543757679354,0.0845152015680843,0.0881893862913155
-0.18134728152135,-0.16585437497256,-0.125864386980578,-0.118265586658037
0.329602947378082,0.390415950550468,-0.194012192557618,-0.176352138166657
-0.0309385938568046,-0.0304648933402642,-0.0398252633885592,-0.0390426610880809
0.218132858437489,0.243752299629737,0.0480731462368354,0.0492474010165007
0.0815074417973746,0.0849212913183754,0.116316372784297,0.123351213671308
-0.229970982022646,-0.205443341404063,0.111142540231894,0.117554191935595
0.283665007839255,0.327987990664799,-0.0691826913208834,-0.0668438150313347
-0.122262006267371,-0.115083515538611,0.145960066145635,0.157149977669436
0.0398175243902765,0.0406208689388261,0.150112724627748,0.161965217442698
0.180244298630431,0.197509877412915,-0.101641869837261,-0.0966469882938853
-0.0770327818110999,-0.0741404982422879,-0.0315153026756322,-0.0310238715871028
0.192956615947398,0.212830174889618,0.169340822276616,0.184523782226911
0.318646467527657,0.375265038102969,-0.0253453390744379,-0.0250268424433918
-0.381222577584554,-0.316974153543265,0.171718398274424,0.187343428173373
0.22814733147617,0.256270399970853,0.234098813577682,0.263769363610364
0.217049708190749,0.24240585835025,-0.219227511003058,-0.196861025587355
0.136165522273208,0.145871545161609,0.236378605264902,0.266653781186392
0.132952728065725,0.142196003240283,0.0571381092658335,0.058802030669199
-0.00750894249992384,-0.00748082082323093,-0.0294259108443602,-0.0289971842450126
0.0176429298532279,0.0177994856860778,-0.0443615504724176,-0.043391967143987
0.150972336280909,0.162964485713973,0.0851552508613997,0.0888861040820844
0.319502577366884,0.376442920159901,0.141657961597166,0.152182490473436
0.214372196322146,0.239083751394,0.0678008696069238,0.0701521874343048
0.207587130617235,0.230704944250057,0.00473079084413985,0.00474199870218623
0.194522699815945,0.214731056743492,0.250715141936011,0.284944005531672
0.0852328002601778,0.0889705498191095,0.0500709790789129,0.0513457172783627
0.152039008431873,0.164205649383122,0.171622435386372,0.187229492735769
-0.0334341579540519,-0.0328814137984753,0.0428358580702205,0.043766554932399
0.295262924999542,0.343479546612452,-0.269218422713118,-0.236023632368181
0.0592181038400361,0.0610066251255739,0.145563914423763,0.156691661500682
0.279754855058323,0.322805493510944,0.239247625953583,0.270293055169863
0.239812145338474,0.271010362671945,-0.0733086704030935,-0.0706860659567003
0.334812408440162,0.39767816800068,0.316140030540307,0.37182233920031
0.140489336880636,0.15083680798917,0.282250234782956,0.326110517448937
0.257912938826802,0.294226136873346,0.0129087642195549,0.0129924419875931
0.118815495622673,0.126162117278627,-0.111565154698159,-0.105566887014768
0.231459728107008,0.260438565308467,-0.13326366242464,-0.12476570471254
0.273905392608347,0.315090379082589,0.0432917698720091,0.0442425289159386
0.131176330758083,0.140168810418346,-0.0606930431788353,-0.0588879237851411
0.247319215107881,0.280587830522831,-0.0742610680081979,-0.0715707209833392
-0.412509712791159,-0.338013233079608,0.098361027839838,0.10336105726958
-0.126474296402082,-0.118803200819362,0.125435162822183,0.133641664451461
0.165763254897849,0.180293639905625,0.0580012881099093,0.0597163607405537
0.237794983085224,0.268449112641779,0.090267625087956,0.094467151381747
0.116377397920215,0.123419768423566,-0.0315342669978739,-0.0310422473884037
0.341877639549278,0.40758805386771,-0.110535536952866,-0.104645488546953
-0.0977708193097186,-0.0931432860123371,-0.0576178118155669,-0.0559893317758296
0.175488917549833,0.191828780195008,0.0358727754911995,0.036523966849398
0.0403569762957062,0.0411823852913211,0.0557426761192316,0.0573255736080591
0.104882929975527,0.110580587048433,0.106714888455072,0.112616989304759
0.300227008725532,0.350165272087302,0.172166069801414,0.187875087014308
0.120113708903912,0.127625065299916,-0.103891365990374,-0.0986767935431305
0.270772124805968,0.310976297366268,-0.0734123758503681,-0.0707824358767595
-0.0275659327323209,-0.0271894596180151,0.0465869822889264,0.0476892055104619
-0.471775464755429,-0.376106416709894,-0.135047455785005,-0.126325550202615
-0.304668428304154,-0.262632175837004,-0.214733766627458,-0.19324380298851
0.25622162633093,0.292039046083914,0.0262777829493143,0.0266260880907395
-0.0914151912328592,-0.0873612873659218,0.0180913173862151,0.0182559566168297
0.0201679500203145,0.0203726972518601,-0.0178751425791275,-0.0177163298923603
0.190494180492398,0.209847332901237,0.0116002610258662,0.0116678049769507
-0.237678667663454,-0.211543993196744,0.165685591760027,0.180201978157415
0.276328540436402,0.318280901470923,0.0891985094346516,0.0932976646878371
0.236803137289578,0.267191630439721,0.224266014047912,0.251403866163457
-0.0435363006902182,-0.042602200740768,0.0352159558294028,0.0358433810635784
0.318105901333398,0.374521817213366,0.21633323155417,0.241516022390997
0.0882277128800233,0.0922368101020799,0.0653639476065278,0.0675474850422772
0.141885392794243,0.152444562517045,0.0887822972483547,0.0928427155607972
0.198385004726299,0.219431790458608,-0.0617102734208516,-0.0598447647039257
-0.103144611478533,-0.0980034750015419,-0.0624012801679635,-0.0604941939090253
0.0659163399295966,0.0681373529817875,-0.0163161338430431,-0.0161837467244887
0.199562545764514,0.220868567200947,0.118287411815656,0.125567566300605
0.198587941020524,0.219679282538938,0.281812857736816,0.325530633971066
-0.228648828667842,-0.204392120868074,0.0973852744463034,0.102284974054957
0.166856074459025,0.181584192925601,-0.0725688096066437,-0.0699982485961325
0.0602921176340046,0.062146773034144,0.0417127527206199,0.0425949531700751
-0.0871061946420184,-0.0834202453942257,0.044716987352737,0.0457318626824284
0.240047264943101,0.271309237260154,0.19705648512769,0.217812827076227
-0.458971262935981,-0.368066595450731,0.175609103527861,0.191972029910728
0.258939183869997,0.295555011790106,0.201788044583341,0.223588634385675
0.106383467845412,0.112248306201809,0.124491258209652,0.132572119708946
0.102467238128316,0.107901004404676,0.0126779371440784,0.0127586428893484
-0.332718291829178,-0.283027857380075,0.138560262195752,0.14861889778146
0.194847117122987,0.215125200451765,0.132264081010111,0.141409704098087
0.209136017427445,0.232612643929512,0.135847686254207,0.145507403783097
-0.322209732591,-0.275453786561437,0.285142610842955,0.329951680128128
0.0202351027854325,0.0204412204006652,0.0639954519972478,0.0660875501813673
0.348546312404048,0.417006166365948,0.0217128706007911,0.0219503103612968
0.071895840026077,0.0745434138206265,0.0403755104193561,0.0412016828732234
0.198055760319522,0.21903036544925,-0.00318735107559528,-0.00318227686468458
-0.177799632675246,-0.162889863795351,-0.0162432446447925,-0.0161120345330713
0.00493081350753066,0.00494298997352183,0.227636582822013,0.255628925384896
-0.220148297419578,-0.197600204680312,0.104558723136823,0.110220587587477
0.239375045412999,0.270454925536751,0.0551664081012098,0.0567164462225247
0.125576575459986,0.133801987045108,0.0788204363580608,0.0820100149666891
0.00655111443637263,0.0065726199225367,0.0694452199824656,0.0719133401648462
0.0269948421172864,0.0273625037345249,0.124704585267933,0.132813753760159
-0.386399927454033,-0.320501278860669,-0.0151944716904781,-0.015079618154258
0.267785594131271,0.307066867162797,-0.0858336355118076,-0.0822531009863062
0.161429972200181,0.175190159295581,-0.0665015957800757,-0.0643385772547166
0.161631284394621,0.175426763220262,0.136399971732191,0.1461402256202
0.294057341306122,0.341860845514494,-0.106030832608714,-0.100603083104803
0.219682414100304,0.245681057021305,0.0733731591210657,0.0761320304821966
0.283747811913797,0.328097958034179,0.082475910633741,0.085972512734354
-0.329195001932506,-0.28049730135031,0.146118527863645,0.157333356171746
-0.0287383115982454,-0.0283292938467713,0.169414464720768,0.18461101666543
0.200278659227594,0.221743160735296,0.20993492674245,0.23359778311858
0.12487510863862,0.133006941450851,0.172662533521287,0.188464970314464
0.0619230140899897,0.0638804377715894,0.0405775829775066,0.0414121024201243
0.00321213413369709,0.00321729856467806,0.0713746029760105,0.0739834679263888
0.323089761708501,0.381389341208127,-0.0112273596122231,-0.0111645680245697
0.31100910498774,0.364801647631859,0.0216629840349163,0.0218993300414453
0.307266754813098,0.359703627186237,0.238430534720019,0.269255533782966
-0.0559781423166238,-0.0544401965886804,-0.0229604641932315,-0.0226988786022225
-0.109311660318575,-0.103549014243203,-0.161336783568653,-0.148994581801818
0.206312845053279,0.229137673493437,0.0296800467765243,0.0301248894419575
-0.0436681450642281,-0.0427284199334617,0.0790606187513628,0.0822699259334301
-0.315433392127096,-0.270527341955733,0.0756310070354485,0.0785645180028822
0.272316364976424,0.313002323560076,0.00352552122306404,0.00353174318274613
-0.115394844858944,-0.108985737958583,-0.0617719987120675,-0.0599027942686483
0.32920520942059,0.389863039314413,0.0098166318663761,0.00986497305002444
0.223501557522206,0.250447587874833,0.11570544926685,0.122665141586647
0.156686700302274,0.169629112044197,0.0989660270595654,0.104028791817379
0.072409942309848,0.0750959810695547,0.109096905396558,0.115270420827457
0.277432757404171,0.319737373593239,0.102249416246879,0.107659705604484
0.161717407115351,0.175527998530396,0.0875832155526178,0.0915330931932676
0.315636302689838,0.371131488097238,0.00822398777804942,0.00825789765994546
0.134966940131162,0.144498946740801,0.0398603655108257,0.0406654512578898
-0.058222473466595,-0.0565599662872772,-0.0617453369195332,-0.0598777292578494
0.158586788730821,0.171853623500653,-0.0827951721246367,-0.0794603199020668
-0.0378661290717812,-0.037158171206816,0.0760370907935983,0.0790025944776104
0.159457879803671,0.172874859460959,0.295409504846721,0.343676488072555
0.0399213408804774,0.0407289081530982,-0.0189724233257735,-0.0187935797204801
0.179615443457402,0.19675705386505,0.0475094041817527,0.0486560628271254
-0.0927297330791174,-0.0885602009605039,0.128153902471103,0.136727934473586
0.293876741164882,0.341618527138294,0.0901092070215972,0.0942937817447358
0.162034801469219,0.175901163697069,-0.0354623253006933,-0.0348409043762453
0.233363612262247,0.262840580175069,0.0677809958528648,0.0701309197042616
0.248274526920395,0.281811775735868,-0.0968980670241691,-0.0923514792672249
0.17875685856741,0.195729977320906,0.0145085890871317,0.0146143495250266
-0.0639927464035872,-0.0619881965348942,0.369837453138418,0.447499309069918
-0.0966462371365366,-0.0921228774590633,0.290390664370009,0.336949684623305
0.0517920571105019,0.0531567232902736,0.15363538254815,0.166065641374356
0.217410535430321,0.242854233114597,0.0873872144629043,0.0913191724825745
-0.0395038832601304,-0.0387337788634409,-0.0255469138553984,-0.0252233526376536
0.225841261489327,0.253376690336975,-0.122553945524924,-0.115341819693685
0.0785686578787875,0.0817376224232915,0.156554127701851,0.169474061549233
0.122170419642482,0.129946650477011,0.0869723252811988,0.090866489877175
0.226393636279893,0.254069215272851,-0.178079989902848,-0.163124520776908
0.0605721782533052,0.0624442801752606,0.0786471708864878,0.0818225562317312
-0.037392869126128,-0.036702388891999,0.11947908500252,0.126909674507726
0.0601537742458375,0.0619998422145197,-0.174187442555989,-0.159860594978983
-0.0362851884652934,-0.0356347715771801,0.0997710482325626,0.104917916204352
0.339647403703905,0.404452298571146,0.0808918608804929,0.0842536399929121
-0.118579313466353,-0.111818631879933,-0.0561415360969864,-0.0545946825581517
0.115205173097636,0.122103639435088,0.145498901740303,0.156616464316244
-0.169472056680937,-0.155889658604594,0.213611422523761,0.238141447427466
0.20214567658308,0.224026307094066,0.054948924749528,0.0564866529770312
-0.224250815844875,-0.200885321391592,0.247542037043985,0.280873205375287
-0.122093851331392,-0.114934699952133,0.0141265047582743,0.0142267553337878
0.337329882904725,0.401201219834149,-0.012255819929208,-0.0121810232448614
0.155649620747836,0.168416742376379,0.0826238169387158,0.0861331467951191
0.244637199153176,0.277157875183472,0.0961547384524766,0.100929406927052
-0.205632050922702,-0.185867419489813,0.1020093047824,0.107393775738109
0.242606021770133,0.274566373783316,0.0157080698250218,0.0158320900758336
-0.1152186560385,-0.108828737376287,0.19786278868872,0.218795149867329
-0.043470368880454,-0.042539075690247,0.1995561555942,0.220860765667797
0.189385418082855,0.208506643047835,0.240079658714841,0.271350420428431
-0.0645483799746612,-0.0625092426142111,0.056011025035561,0.0576093438529602
0.143789705728925,0.154641268547959,0.125334167942393,0.133527178229193
-0.0410677675196456,-0.0402359130876938,0.0153610442329064,0.0154796315028948
-0.0712864714841314,-0.0688049069260725,0.179551459342385,0.196680482873759
0.160774066973699,0.174419598662987,0.195728725310515,0.216196937133856
0.172661214932498,0.188463403218912,-0.0673644727724499,-0.0651455897427291
0.0976141215198528,0.102537257611563,0.0995217380505378,0.104642483253087
0.124771336464156,0.132889372957127,0.0694906050021325,0.071961990076851
0.167116138255832,0.181891520157672,0.0187541869367244,0.0189311512433519
0.303267956191377,0.354277302815854,0.0415310771284537,0.0424055563194819
-0.16181677592251,-0.149402959878626,-0.213902297029104,-0.192572730788007
-0.325953224950382,-0.278161049305195,0.0549154198583174,0.0564512560996454
0.206858497129442,0.229808538029537,0.168636326237411,0.183689583793237
0.245105049424751,0.277755533638654,0.126668068026459,0.135040199112524
0.0184938781004975,0.0186659489799202,-0.0473248065744103,-0.0462224459465953
0.202777989397903,0.224800519360096,0.046242115419763,0.0473279545096324
0.306163488186082,0.358204338761249,0.291420211190245,0.338326845724195
0.26960003617432,0.309440617104261,-0.134146695679755,-0.125538224570736
0.0144254837253335,0.0145300331360442,0.0305618558620788,0.0310336635524693
-0.266560451460219,-0.23399030407814,0.128914411574634,0.137592755226337
0.344621528763787,0.41145562321154,0.0831229500944491,0.0866754071790358
-0.131225824288877,-0.122980300323166,0.10739262068174,0.113371301276243
-0.149514614212306,-0.138874146748298,0.122968181380753,0.130848438339148
0.145803756727712,0.156969118365352,-0.0289972626782612,-0.0285808764503502
0.337442520347493,0.401359056445344,0.11027095586708,0.116580573531995
0.266600769631894,0.305519139390209,0.0249571788668881,0.0252712163091921
0.113567779999638,0.120267818071415,0.131013497455298,0.139983168080001
0.287428985070211,0.332995926189786,-0.215965205640635,-0.194236662595138
0.131980392013993,0.14108594465064,-0.0145506075248832,-0.0144452590157798
-0.10529370364097,-0.0999398671760543,-0.00698646116204898,-0.00696211257873946
0.0756910440601357,0.0786292737513281,-0.16063684570704,-0.148398722381226
-0.00757908278580116,-0.00755043396082588,0.127699076882959,0.136211039079766
0.312591137422596,0.366962516937532,0.0117668542035783,0.0118363559707039
0.130921181780546,0.139877934622057,0.113590359248626,0.120293113162983
0.261629028438094,0.299044544447499,0.248156238705375,0.281660161476192
0.318622933963303,0.375232673595519,0.210852622996182,0.234730370789005
-0.048859198873591,-0.0476847926869702,0.0808985179840115,0.0842608580056595
-0.296949235066662,-0.256918266100848,0.135770390550562,0.145418864404192
-0.131142368492997,-0.122907104891878,-0.0831524806672675,-0.0797891778382227
0.176881118117476,0.19348920045015,-0.0622725264391256,-0.0603732212455526
0.185469281352936,0.203783220615267,0.200135460536195,0.221568221239306
0.122439165168344,0.130250359392167,-0.17627434216422,-0.161612053379601
0.154770085815596,0.16738953083648,0.194663159995901,0.214901690069634
0.118571739288343,0.125887641583011,0.200150624879408,0.221586745659526
-0.0814973410114961,-0.0782648392661752,-0.00603795139302887,-0.00601975959665923
0.123346120141345,0.131275910570426,-0.0180678476872399,-0.0179056027356978
0.251606587970438,0.286089974478711,-0.0260840648708873,-0.0257468143020905
-0.10315191673472,-0.0980100642931684,0.00242736488236872,0.00243031331766492
0.208256611865681,0.231529153998302,0.127725820048527,0.136241425366015
-0.00364278447944721,-0.00363615758928504,-0.194802185153083,-0.177002556931945
0.136245617784454,0.145963328004488,0.170082142701137,0.18540221946151
-0.0595204244076618,-0.0577837108148929,0.140352256957337,0.150679062179939
0.269364041137699,0.309131632078775,-0.0229928171253744,-0.0227304966476153
0.132282062256257,0.141430228251454,0.0673430122299185,0.0696623225134611
0.316759357803949,0.372672209322553,0.176702657691383,0.193276228862965
0.149081921811647,0.160768077537942,0.0282599261803999,0.0286630261266655
0.160425151479204,0.174009896947769,0.121973886290867,0.129724600095513
0.280532663602679,0.323834783169571,-0.0922373031120829,-0.0881112701658925
0.205137945984409,0.227694408796533,0.017210818295626,0.0173597777732691
-0.243014930239075,-0.215740195502232,0.0574999873963362,0.0591852573051173
-0.017649430938576,-0.0174945920102242,-0.14258081534994,-0.132882524941632
0.15649000567837,0.16939907491017,-0.262859193403912,-0.231149851137921
-0.00822745998310703,-0.00819370706458011,0.11116666055586,0.117581148029848
0.185061723424698,0.203292709182526,-0.125719299629926,-0.118137648867173
0.0801606157285757,0.0834610745903395,-0.0945890513439256,-0.0902532831490549
-0.110381100703098,-0.104507202676091,-0.116704492138375,-0.11015188857313
0.149237260521761,0.160948403759307,0.00163990291900468,0.00164124829512479
-0.188696453708122,-0.171962183640564,-0.0413679826299929,-0.0405240055219388
-0.391388872112484,-0.323882818205843,0.0106143466950558,0.0106708787127031
0.0882097048066955,0.0922171411986124,-0.185254490730653,-0.169107197573148
0.176210191096071,0.192688724856193,-0.0472728386317047,-0.0461728788013722
0.0423715227853948,0.0432820097962308,-0.12346906205167,-0.11615101470467
0.300393109973625,0.350389554850436,-0.0567541682470625,-0.0551736908728058
0.152360872866987,0.164580426087229,0.162284449796368,0.176194762102129
-0.071413354141605,-0.0689230519386731,0.131943049371577,0.14104333428184
0.0675355357816327,0.0698682775278856,0.160731893904637,0.174370070828522
0.222091636065439,0.248685797275163,0.0635980725463506,0.06566399305809
-0.166341295044187,-0.153242809165188,0.0162617362793365,0.0163946779559717
0.237547385487842,0.268135086566742,0.108204768847814,0.114275891017462
0.119456529333111,0.126884256592314,0.0745966143010426,0.0774494355179076
0.187752804568206,0.206535228486768,0.204222721088399,0.226571306332973
-0.189659261127142,-0.172759040921775,-0.107737028835338,-0.102136322355184
0.307501452233586,0.360022783571291,0.0479469783968507,0.0491150280890836
0.13218329400346,0.141317496749359,0.0108512985853023,0.010910387462736
0.100187116897815,0.105377733578128,0.260247553574616,0.297251186087768
0.254039205495099,0.289222347877445,-0.0456853497700002,-0.0446574863544101
0.156247236495326,0.169115215309679,0.124297607192347,0.132352817200555
0.0714052294043566,0.0740163607078059,0.195271344046132,0.215640798634371
-0.0636651145946863,-0.061680823681142,0.0120544541541008,0.0121274019070102
0.24097891325895,0.272494202269588,0.00678013887446843,0.00680317605170328
0.0461546743833397,0.0472363790715989,-0.152165321100018,-0.141153716408465
0.167406063898671,0.182234230494276,0.107945809794781,0.113987376546236
0.330819411961915,0.392108371487472,-0.0017989558361175,-0.00179733868494056
0.176160360847571,0.192629294361381,0.207407776734019,0.230484232332573
0.137594704733526,0.147510375490562,-0.16791979353042,-0.154578359749529
0.303703114084831,0.354866755517295,0.0132414934254688,0.0133295502381825
0.302494730708069,0.35323054583559,0.0799814452466748,0.0832669677371128
-0.0435697437564711,-0.0426342185234096,0.0374446953831049,0.0381545807527792
0.173449268980488,0.189400345746892,0.085183424796376,0.0889167827205443
0.306203827059115,0.358259128298689,-0.119652314632885,-0.112771140411248
0.320247301488389,0.377468372196458,-0.0463659929829756,-0.0453075125093494
0.195996488185318,0.216522633124771,0.101128686643609,0.106419013951858
0.214758484095638,0.239562486756351,0.158100845437806,0.171284307430783
-0.249002451470921,-0.220421937730593,0.102864434323675,0.108341145873932
0.094817286182992,0.0994579506138502,0.212203152393179,0.236399036989873
0.257494330376467,0.293684476255573,0.269087784635619,0.308770025903663
0.141817289334277,0.152366079727423,-0.00810350761248177,-0.00807076270390464
0.122001156794048,0.129755408673895,0.0963936862608505,0.101192503027878
-0.0603361604721599,-0.0585519972204713,-0.0208763455025437,-0.0206599431149265
-0.120493097134218,-0.113516793401149,0.256440708798232,0.292322140195327
-0.298997422039388,-0.258438678851576,0.101361052344286,0.106676137653485
0.221660018004248,0.248146958227004,0.00886841173984157,0.00890785260964265
0.331100839081984,0.392500203670799,0.102033350841216,0.10742040451413
0.168965671040455,0.184079490009346,-0.00804405175809608,-0.00801178495034207
-0.128279819852819,-0.120392786855738,0.0901366772094369,0.094323842613359
-0.22941583876627,-0.205002126175737,-0.00775152974400073,-0.00772156411379456
0.0222661601078586,0.0225159011980731,0.178449033223773,0.195361957975487
-0.100996587957291,-0.0960638828507594,0.0464875987581744,0.0475850876319744
-0.0145676172080922,-0.014462022847135,-0.0233357486132642,-0.0230655756746108
0.298113159916648,0.347314241220823,-0.065987959426945,-0.0638578640884624
0.129418559427843,0.138166414764171,0.0332594759118991,0.033818755506294
-0.303149149190327,-0.26151105687188,0.00499710308494816,0.00500960942771919
0.203499498029924,0.22568454238409,0.209910728918319,0.23356793309753
-0.324753335719842,-0.277294402686077,0.174075930589945,0.190145930872235
0.136616127236439,0.146387996916207,-0.198620129001263,-0.180138724291756
0.334761762241454,0.397607382706973,-0.0689517909295828,-0.0666283240255594
0.13339510731189,0.142701398827187,0.149188422369058,0.160891706568388
-0.0530751088829378,-0.0516912166060377,-0.0906334452945914,-0.0866475568175839
0.218582735141017,0.244311960694098,0.107722784168215,0.113738956516642
-0.0154980396213366,-0.0153785630193024,-0.121048248285249,-0.114008788995066
0.203719165792771,0.225953815339683,0.123824266661755,0.131816955549768
0.154930466286535,0.167576772333743,0.0585405036416295,0.0602879303472389
0.0415231414565087,0.0423972841637759,0.125464898230749,0.133675374250706
-0.143722301905173,-0.133871763172734,0.200555821688071,0.222081829006695
0.354279067889763,0.425152845387543,0.0943466191283734,0.0989405937395266
-0.460793853939827,-0.369217302636071,0.0841819071654707,0.0878267592940121
0.283921407697688,0.328328530252891,0.182684933462924,0.200436131237923
0.0352191030186169,0.0358466410638246,0.11993967959196,0.127428842560411
0.262261487587556,0.299866396921856,-0.00321635522944255,-0.00321118830000619
-0.431769306366487,-0.350640837568189,-0.107784782637487,-0.102179197735864
0.254888835851853,0.290318175779213,0.102184779071612,0.107588111923788
0.145752114405496,0.156909371336098,0.231815944109984,0.260887633674119
0.0944500760612011,0.0990542926440834,-0.0205408387751748,-0.0203313128117036
0.204905348985579,0.227408883968963,-0.212722588634378,-0.191619639986313
-0.0623754620379109,-0.0604699373128098,0.175036084378734,0.191289202767563
0.156675779716555,0.169616339078963,-0.0600337891647236,-0.0582672873151036
0.0987535372029881,0.103794221820503,0.200061568478939,0.221477960385181
0.173401793203276,0.189343879381466,-0.180959214877493,-0.165530608061861
0.11416266705718,0.120934449162811,0.143159847362419,0.153914237072115
0.30673969472794,0.358987170501148,0.0626333576506368,0.0646364268640621
0.283252346835855,0.327440094863459,0.0583329271014951,0.0600678622883844
0.290920514302535,0.337658255024907,-0.0226573828578462,-0.0224026319821329
0.285280717994911,0.330135368650967,0.0755544422789878,0.0784819411345134
0.292404524504608,0.339644827204358,-0.122190476160503,-0.115020215103992
0.347301763072475,0.415243729236224,0.13742247814984,0.147312760716593
0.291704256622873,0.338707045346513,0.098195747034497,0.10317870793529
0.145094433824983,0.156148744661271,-0.0422578636333241,-0.0413774451963811
0.31217794661971,0.366397817270032,-0.0293115958339781,-0.0288861777033123
0.136523910209449,0.146282285297635,0.218964096712352,0.244786583954444
0.0719377525848606,0.0745884516284421,0.038605472168764,0.039360346166906
-0.0304959016886084,-0.0300355927247556,0.081168935868593,0.0845541011805283
-0.105331343960349,-0.099973745089322,0.0181924945312804,0.0183589860594905
0.196303726152795,0.216896452488772,0.165707920816285,0.180228331247999
0.03613508845714,0.0367958961891472,0.154503553194471,0.167078424906734
-0.0225336833312874,-0.0222816961708469,0.0967650388026341,0.101601509600986
0.2619323365505,0.299438614955576,0.163099480371451,0.177153787559942
-0.0161584181483727,-0.016028571224191,0.0153400117742146,0.0154582736940972
-0.280342169407185,-0.244474820380551,0.179121387281199,0.196165934686238
0.121700549837695,0.129415847378871,-0.0358940248663191,-0.0352574732158229
0.126250661253668,0.134566524510396,-0.0984266788377233,-0.0937378616283863
0.281424525836555,0.325015988074299,0.0152429161246375,0.0153596818998891
-0.0132810081782711,-0.0131932047251014,0.18624062271764,0.204712106605503
-0.173903243655511,-0.159621794351997,0.166948880449094,0.181693856105096
-0.274584346709479,-0.240112092498785,0.170822130367312,0.186279727115747
0.131442749572386,0.140472613308529,0.109803825920648,0.116059107114266
0.324210791754346,0.382938788490844,-0.0557350959122097,-0.0542103537481963
-0.0185042392451969,-0.0183340869395363,-0.0873223674161367,-0.0836183635678304
0.141670219827835,0.152196614278743,0.0449840548788124,0.046011181000699
0.146161151554979,0.157382687042815,-0.0383188709367995,-0.0375939913476455
-0.0882605540443175,-0.084477697394657,0.206070911808778,0.228840340197005
0.269059021651375,0.308732382313402,0.241713665747313,0.27342951412041
-0.109226089730103,-0.103472301122669,-0.100365965839299,-0.0954936609636639
0.0715866010107377,0.0742111744467333,0.151989736023291,0.164148287579881
0.0508470475355403,0.0521619502119023,0.106540782584509,0.112423293017552
0.263353151491707,0.301286188974461,0.244209505070994,0.276611759111875
-0.0868443517559696,-0.0831802140821115,0.125047279995695,0.133202029587348
0.284866252656589,0.329584187875939,0.0505491643723274,0.0518485755587947
0.337201295118943,0.401021054055664,-0.0200476885294577,-0.019848069811987
0.188094213438729,0.206947220641259,0.200311840097432,0.221783699908647
0.082057065697581,0.0855177538899541,0.0658033148444974,0.0680166334888631
0.315499845351739,0.370944399909256,0.200283343920867,0.221748884240669
0.224851152674021,0.252136325176542,0.134797782837483,0.144305362769883
-0.0303092358152395,-0.0298545165716914,0.157780987856964,0.170909723175731
0.225373380234661,0.252790396047281,0.257943687670673,0.294265933442609
0.075721515048389,0.0786621411520068,0.19074871006491,0.210155314019174
0.069131123067406,0.0715767083617622,0.0933464454758144,0.0978420117898818
-0.174964346266549,-0.16051304892037,0.119306535430734,0.126715243500923
0.0139468391740957,0.0140445500597998,0.00209611150168124,0.00209830987914139
0.334131458856309,0.396726743606606,-0.000292848474860663,-0.000292805598931535
0.134618043288337,0.144099704322925,0.159128366764155,0.17248844556875
0.272251690073954,0.312917408008838,0.0626044483344188,0.0646056493978206
0.154477337456533,0.167047829485636,0.0942206627911362,0.0988021839244776
0.118505764954637,0.125813364346253,0.247177513425453,0.280406381928838
0.12452845216164,0.132614245325394,0.0198504776160486,0.0200488084940079
0.0328152060150388,0.0333595629646773,0.116438944294723,0.123488912965139
0.15901217017387,0.172352214324182,0.183027382783046,0.200847290171445
0.353120904633439,0.423503241167258,0.137443183333106,0.147336516283498
-0.16050865471017,-0.14828954776706,0.022256268107864,0.0225057865208112
0.235495108695877,0.265535191124573,0.0807916346757401,0.0841449748112265
0.200141900115873,0.221576087650527,0.198854397714093,0.220004317549732
0.0430260612290447,0.0439651015097167,0.100100207150838,0.105281669653495
0.0908816818219904,0.0951394226914706,0.201469149247109,0.223198499886047
0.113273747526692,0.11993847137619,0.240298513560149,0.271628692077466
0.207378717840014,0.230448476341208,0.108509356057091,0.114615336894284
0.0837772813937944,0.0873866855906677,0.226965604526059,0.25478670821451
0.302442252948652,0.353159533191878,0.334350224138594,0.397032332351832
-0.376347249154303,-0.313636047646049,0.0254218681931716,0.0257477596136749
0.313562237300864,0.368290618826749,-0.0620029125365177,-0.0601198506481548
-0.296019916366592,-0.256227385375388,0.146172486889888,0.157395806437545
0.0805940504444625,0.0839307860206455,-0.0641727607493789,-0.0621570369187384
-0.099450337362281,-0.0946650899282692,0.0795414670615117,0.0827904587370701
0.0150597658768658,0.0151737355511514,0.0514462609483875,0.0527926086955978
0.0666423711691916,0.0689131356553811,0.251363769280495,0.285777725707412
0.214815266689355,0.239632874327799,-0.200702235008207,-0.181843986494383
0.265802725288714,0.304477692841642,-0.133401925510241,-0.124886708941429
-0.190866983928002,-0.173757515628161,-0.0733607676788355,-0.0707344794198572
-0.466650652422851,-0.372900872289027,0.109008054163611,0.11517133207764
0.107169303412751,0.113122693998053,-0.0998187059098053,-0.0949985254167716
0.127048491855336,0.135472077594224,-0.0056536863710655,-0.00563773436298289
0.25446803710159,0.289775325726726,0.114105229366816,0.120870067125998
-0.0299678753358731,-0.0295232907139208,0.123177816853156,0.131085529136188
0.12026649159513,0.127797360053569,-0.144397643252268,-0.134456497912952
0.0124118208373846,0.012489167157264,-0.03190741754283,-0.0314037470507375
-0.00990072451058271,-0.00985187369009869,0.131869028236532,0.140958876084985
0.279780850901113,0.322839881401565,0.145342178662845,0.156435210028253
-0.121992350355415,-0.114844860401051,-0.226057478745827,-0.202327748852605
0.280672929857836,0.324020485540637,-0.19411253273255,-0.176434778991029
-0.101896161365686,-0.0968766741071231,0.17182514577062,0.187470180876601
0.0264226694379279,0.0267748431157985,-0.172487093573786,-0.158430849608175
0.263543510287848,0.301533923825335,0.0317503299833833,0.0322597488207836
-0.23205449896438,-0.207097090258288,-0.0731014792111821,-0.0704935003467857
0.0352755117056989,0.0359050734608973,0.237577989018592,0.268173896571718
0.194854180874873,0.215133783825006,0.0480057560959035,0.0491766944687626
0.0906082912534155,0.0948400628249788,0.0658527741042856,0.0680694581073195
0.306211807657552,0.358269968062619,-0.16209287888931,-0.149637779826221
0.13173974595181,0.140811379849241,-0.19177055895559,-0.174503750513396
-0.115013062927012,-0.108645499867997,0.127319899228938,0.135780294912937
0.0138101148393998,0.013905914970952,-0.12298727878616,-0.115725088460486
0.0957118245823467,0.100441897992894,-0.283046771630293,-0.246515454665037
0.0267295374713543,0.0270899758422842,-0.0864676523164816,-0.0828347835249809
0.125031759578371,0.13318444195542,0.188095143438086,0.20694834310192
0.0745614140506108,0.077411509695453,0.0775354184931219,0.0806205057307147
0.305349817100397,0.357099656647241,0.134461827569243,0.143920991924106
-0.0595094530984104,-0.0577733734118953,0.148533524097394,0.160131689490267
0.183718753438552,0.201677807814296,0.139776875423187,0.150017173133455
0.0850601842930503,0.0887825923371771,-0.0375274531141592,-0.0368320246025217
0.165940087282796,0.180502372499705,0.0294983541702878,0.029937740368362
0.313003465780375,0.367526270565103,0.0697146751081384,0.0722022116258308
0.0522736044654922,0.0536639902514936,0.102752939049036,0.108217577962226
0.336867021188887,0.4005528075075,0.0126053440678807,0.0126851262924455
-0.0189811653900402,-0.0188021574525715,0.160643535181894,0.17426630957321
-0.0334197367259875,-0.0328674666602112,-0.0556953278813893,-0.0541727408085032
-0.174978862685402,-0.160525235176123,-0.0415327614846877,-0.0406820938522513
0.0467976061311683,0.0479098970770388,0.146636400570568,0.157932862750368
-0.188432565692141,-0.171743645550524,-0.03397538610321,-0.0334047039784399
0.261695199747709,0.299130506770341,0.00439666330434871,0.00440634280909667
0.234331251531459,0.264063145717021,0.00689558878668564,0.00691941809993648
0.0940745830703477,0.0986416829315037,0.123393291553983,0.131329275711855
0.25739251533929,0.293552766427661,-0.158378490593381,-0.146473330990689
-0.0134164179505619,-0.0133268189620038,-0.0222884175485999,-0.022041865915935
-0.325066601995465,-0.277520766518992,0.0713266020005039,0.0739319169095099
0.246914408862538,0.280069545480914,-0.17916381642371,-0.164031057263066
0.0464975696157813,0.0475955330057888,-0.00860508355585038,-0.00856816579371634
-0.027452075130832,-0.027078691437404,-0.0040751437166798,-0.00406685158622257
0.133476344170128,0.142794232069421,0.00565205058245374,0.005668053556013
0.290936673815503,0.337679871105477,0.0812808033271225,0.0846754342779513
0.266785358818007,0.305760146348559,0.154056760113087,0.166557098812172
0.0286810250983874,0.0290962862302193,-0.0242658792230071,-0.023973829823414
0.238909822067043,0.269864017708123,-0.0598349643019638,-0.0580800288225424
-0.0462371614140067,-0.0451845100551738,0.249042822299812,0.282796964209863
-0.117804213693618,-0.111129935833761,0.0494788340770544,0.0507233524499475
-0.26010221199227,-0.229027220887598,0.220008238772147,0.246086996771932
-0.130716159732544,-0.122533200541257,-0.174350038827566,-0.159997187408834
0.0490393048377987,0.0502616302918046,-0.220543139562638,-0.197916963396126
-0.0729413241074552,-0.0703446232155209,-0.0765599836572359,-0.0737026500803744
0.0735282561814957,0.0762989483406589,0.14084941235567,0.151251270713946
-0.000648421567124469,-0.000648211387290946,-0.0396493504216997,-0.0388736013621044
0.247238854904893,0.280484926359582,-0.0293662721717763,-0.0289392731991539
0.208361089208293,0.231657827613283,-0.254432093619232,-0.224643297029379
-0.00636302131358285,-0.00634282016295823,0.112237312689325,0.11877832943836
-0.0494359278566104,-0.0482338621206505,-0.0158124159853799,-0.0156880560754197
0.247854776273967,0.281273847320202,0.119558491430958,0.126999161933042
0.333387380001305,0.395687855325804,0.148285629689502,0.159844134975074
0.246783000650534,0.279901344882414,-0.0365963430132822,-0.0359347915252198
0.143552978622193,0.154367966011478,0.0665373382783878,0.0688008705145943
0.174543768026457,0.190702855958654,0.135793233517766,0.145445029468589
0.180660580440095,0.198008482764744,-0.0770717557791261,-0.0741765819577387
0.0259454401464825,0.026284952989201,0.00354396279837499,0.00355025005961241
0.157481994820456,0.170559681654717,0.0543662551778984,0.0558712496573141
0.227993217338291,0.256076805859397,0.0469276309253795,0.0480461602043587
0.342910663444519,0.409042877266304,0.141040505766866,0.151471288267693
-0.0225678285918311,-0.0223150800471156,0.0305453684298051,0.0310166645949045
-0.0781605058559373,-0.0751840237495653,0.079722039314463,0.0829859983036571
-0.257713092969932,-0.227183073088205,0.0746573472562584,0.0775148741933441
0.215609822308475,0.240618222999065,-0.106690769913941,-0.10119643287411
0.0976624508107397,0.10259054374303,0.0840034076545564,0.0876326000786967
0.264354665387734,0.302590098007946,0.0295758321885924,0.0300175409948201
0.0109179326466557,0.0109777507718376,0.257610341824946,0.293834567171502
0.240309130236409,0.271642192619278,0.240085146634375,0.271357397516383
0.287423688707993,0.332988866179222,0.227005959804301,0.254837346503009
0.333411739058919,0.395721853380761,0.155551032715411,0.16830155614678
0.277926893969511,0.32038966523348,0.251605838824622,0.286089011010148
0.213842050720659,0.238427030687502,0.0534890938400911,0.0549454863006824
0.182205648206918,0.199860917756125,-0.105645165041892,-0.100256147987746
0.159014555416833,0.172355010672387,0.158745136524981,0.172039198629331
0.273538280940969,0.314607682667935,0.0771062207350676,0.0801568053490479
-0.179219885555692,-0.164077928002035,-0.145397401427062,-0.135321399686454
0.0382216100063594,0.0389614516220681,0.0443061853641416,0.0453023621795713
-0.148757470415207,-0.13822190376028,-0.0735010073590517,-0.070864790181716
0.070560810948597,0.0731098242729512,0.166524319319638,0.181192261313237
0.1072231190921,0.113182599063931,0.124442748368495,0.132517180147885
0.308591758116893,0.36150643308257,-0.0454843001240644,-0.0444653957710693
-0.216071903710972,-0.194322631401953,0.144043697946014,0.154934575690988
-0.206215807788046,-0.18634253628315,-0.11287931268037,-0.106741541419966
-0.218267422052687,-0.196089570458896,0.0235266686192875,0.0238056038644333
0.0171627376423719,0.0173108636264807,-0.145530475703626,-0.135436458509797
0.313341712641868,0.367988910272934,0.051851311593501,0.0532191293963317
0.256544198235077,0.292455888806502,0.134389135429871,0.14383784088218
0.206835839822034,0.2297806741951,-0.0276752667445867,-0.0272958150833286
0.31819746805186,0.374647683428113,0.0537260045838264,0.0551954438280848
0.314911454573183,0.370137986132916,0.0256411203313152,0.0259726816595849
0.2756308382144,0.317361454744054,0.128879929985083,0.137553529896154
-0.00334273406448171,-0.00333715334898317,-0.333247535034733,-0.283407209621476
0.263777381460567,0.30183835068738,-0.129540088689657,-0.121500630178283
-0.315649907541285,-0.270685266933216,0.178905266593127,0.195907446414724
0.0851392093213693,0.0888686368121585,0.110706578660052,0.117067087440595
0.283103324953598,0.327242291980784,0.13138336610947,0.140404890106229
0.140048696594191,0.150329814637496,0.246886262941783,0.280033517251952
0.201202053220857,0.222871832055191,0.101798433436856,0.107160282741929
0.344765673706657,0.411659092065862,0.14840754296223,0.159985543989067
-0.176543563788782,-0.161837735164031,0.193899533631627,0.21397431323886
0.028568464162311,0.0289804567079904,0.126805826348816,0.135196571116687
-0.0237406031928399,-0.0234610119977397,-0.0167528963026869,-0.0166133469076612
0.327027616384786,0.386839776152355,0.216041471031692,0.241153849864031
0.240167876269079,0.271462580800286,0.0172928058405279,0.0174431920231486
0.166587268467484,0.181266618699872,0.217406527251278,0.24284925154229
0.299373546320444,0.349013448375953,0.092771206857183,0.09721067227039
0.202650617087848,0.224644523623568,0.152798409438984,0.165090084103554
0.109456030145637,0.115671013964641,0.0969250066180884,0.101777744483556
-0.162412938549751,-0.149909902919527,-0.0602039324557809,-0.0584275031879217
0.22189825270212,0.248444345563082,0.146020040140493,0.157219378657353
-0.281091027223846,-0.245040389525125,0.0982751843098703,0.103266344926874
0.250603352405658,0.284800370273371,0.0287607217973397,0.0291783050754081
0.129087456752922,0.137789627200865,-0.0122772864564984,-0.0122022280602862
0.242250644061839,0.274113501781405,-0.0182317270403263,-0.0180665345431309
0.0401573855336919,0.0409745956427818,0.137167341503014,0.147020076524783
0.0981772953869829,0.103158352658421,-0.0684123620221798,-0.0661247005398665
0.292393520034912,0.339630085204568,0.0859092474264475,0.089707430063864
0.228286077147145,0.256444714142812,0.278478501447315,0.321118202961394
0.338756361243616,0.403201429311242,0.0320513181733536,0.0325704935770654
0.229660428336434,0.25817269758603,0.0902677452292716,0.0944672828724783
0.25710440738338,0.293180137265555,0.112311140148138,0.11886092904842
0.0745792279384706,0.0774307027542165,-0.111111679370405,-0.105161191686244
0.344035969809086,0.410629374664432,0.100996955635875,0.106273273859629
0.200671789915566,0.222223559888239,0.0407360932438086,0.0415771900135026
-0.112724545532368,-0.1066032836573,0.0478305124902262,0.048992849071167
-0.314636529655869,-0.269945820905373,-0.0851039001281307,-0.0815831441849745
0.325141376034881,0.384226328577723,0.107197798436347,0.113154412907398
0.255737124147548,0.291413201968735,-0.0525436046065241,-0.0511870524614725
-0.300299417014706,-0.259403559694292,0.112085295015715,0.118608268285912
0.158780426972499,0.172080561147005,-0.191395121795203,-0.174193770360186
0.190284273897537,0.20959340461883,-0.142665709096262,-0.132956134668044
0.107850701964074,0.113881432661544,0.127912950183409,0.136454070272717
0.0153560552638408,0.015474565319064,-0.0458397732092156,-0.0448050022407475
0.168263531271224,0.183248392516924,0.25440639824565,0.289695827901331
-0.0156749679806236,-0.0155527550644554,0.0586282180429002,0.0603809369471733
0.285154972242017,0.329968120293191,0.0364073934746027,0.037078259356473
0.289253986686651,0.335430867119533,0.110103971349542,0.116394137430037
0.319913429117663,0.377008550330613,0.026758525204998,0.0271197492844622
0.168034867471359,0.182977857375283,0.0291591272590336,0.0295884170232022
0.162388111875173,0.176316695216059,0.0528807349362716,0.0543038959994211
0.266386127027544,0.305238949433529,-0.0420120559907826,-0.0411417794830676
0.210899197918003,0.234787879598719,0.00626580282206451,0.00628547402840542
0.0901835682499806,0.0943751578001329,0.124575868255775,0.132667950742309
0.047839735117103,0.0490025235854226,-0.180016927739891,-0.164743927705933
0.181774756394795,0.199344018882722,0.0401195480455239,0.0409352085239955
0.307067435322053,0.359432638758829,-0.0506765022030024,-0.0494138666820365
0.30674451209011,0.358993717250302,0.0607136079112697,0.0625945519326032
0.144931536744941,0.155960426745307,0.307777556562229,0.360398343593376
0.176778104342671,0.193366260954762,-0.0264480477266156,-0.0261013612304072
0.18804490639416,0.20688771110799,0.157670608193463,0.170780485687222
0.220990061615933,0.247311034246357,0.0852566006641616,0.0889964680665529
0.149453701388386,0.161199707633157,0.237679453488015,0.26830257769144
0.164907930107765,0.179284537112673,0.0106751538238835,0.0107323365755464
0.237169213197677,0.267655603686102,0.135036493804381,0.144578553614984
0.315625374738832,0.371116504521383,-0.0779079127948031,-0.0749503921455195
-0.183251168636288,-0.167440983239255,0.0502231505496678,0.0515057142756133
-0.058296211436048,-0.0566295310748492,-0.0522541226584093,-0.0509123484820193
-0.047477115151974,-0.0463677033869075,0.206245828674335,0.229055303897423
0.129741072881759,0.138533547945241,0.160691066432445,0.174322125245867
0.0514873179770765,0.0528358341192842,0.0599155218911124,0.0617468483907783
0.0235429336239755,0.0238222562028045,0.10428402704475,0.109915656214374
0.0732913052793006,0.0760439485462267,0.156907542619109,0.16988744417142
0.266945813274242,0.305969678192524,-0.060512729817234,-0.0587182134029703
0.192106434883417,0.211799487838492,0.10216898188229,0.107570615282893
0.297584842460141,0.346602619585405,0.0120538709823745,0.0121268116630981
0.303727628783008,0.354899970073999,0.127542164885729,0.136032767923156
0.0987173347096939,0.103754262440909,0.0472790041029337,0.0484144802189907
0.112395305775826,0.118955102643843,0.303772218703613,0.354960386303059
0.0777487874927307,0.0808511012470717,0.0874480843524222,0.0913856029818203
0.250108739512681,0.284165048577436,-0.248376713052989,-0.219933973134078
-0.047009921936026,-0.0459220687567887,-0.0191133421202923,-0.0189318404044067
0.190359944622735,0.209684938892141,0.133963942812213,0.1433515928583
-0.0295740951939985,-0.0291410610053567,-0.252200289738448,-0.222910920487425
0.0144059518347363,0.0145102176399471,0.176419317552473,0.192938173705082
0.243452892477957,0.275646223892625,-0.0720708910370752,-0.0695350681508744
0.271952722841106,0.312524947393763,0.0888445614173052,0.0929107626227001
0.288396573587148,0.334286341936143,0.18757780115559,0.206324099179055
-0.0782039196932831,-0.075224172688417,0.191006979575098,0.210467900603432
0.216373360388403,0.241565843981292,-0.149491336495537,-0.138854101471281
0.296158994309318,0.344683936930496,0.00726101631588097,0.00728744141382127
0.0999361594593304,0.105100365618783,0.141530019049875,0.152035086740466
0.119619599349235,0.127068032609978,0.119594655312868,0.127039919334615
0.299535752212879,0.349232284053992,-0.0781324093331553,-0.0751580392713844
0.117634921594248,0.124833384019487,0.0451843095430312,0.0462206705934534
-0.00116998751544695,-0.00116930334690269,0.0642418820202417,0.0663502985340836
0.323434330189611,0.381865406449079,-0.158725373693656,-0.146769353622209
0.319620558041001,0.37660532340354,0.0998975667749148,0.10505771765208
-0.282177454284339,-0.24586015268845,0.162158333249599,0.176046433833926
0.0542485242251681,0.0557469482463367,0.2047369122073,0.227202160581316
0.0396601468480665,0.040457111470312,-0.00271189985977893,-0.00270822598116822
0.237640268667484,0.268252880456249,0.0651627747105548,0.0673327450237826
-0.334965252464403,-0.284637056979969,-0.00950647669262583,-0.00946143299170745
0.281787111975309,0.3254965076148,0.0594793158835168,0.0612838090345812
0.255836716432345,0.291541823164869,0.0522123023702539,0.0535994004209802
0.270724926424094,0.310914422866556,0.264563744366156,0.30286247068765
0.126488444366759,0.134836337347799,-0.00441795006087353,-0.00440820527544362
0.0979161273555631,0.102870280582359,-0.059599994018218,-0.0578586796154244
0.0658522325353047,0.0680688796741881,-0.0853591635069575,-0.081817552455565
0.342398938344516,0.408322019115361,0.235609520805496,0.265679991958913
0.0955252274660056,0.100236577864695,-0.0342545666132678,-0.03367452088064
0.200109132381087,0.221536060025076,0.0576692475039317,0.0593645502888791
0.177797588190081,0.194583498953661,0.0868020247754381,0.0906807305801315
0.231296017005212,0.260232234411984,0.0365367958874198,0.0372124684688181
0.295314154846623,0.343548374627191,0.128545255482374,0.137172883434116
-0.107689725338509,-0.102093849259,0.125646167245985,0.13388089309593
0.283507005141225,0.327778181554961,0.111465509861209,0.117915186290673
0.302102300737542,0.352699601798362,0.196547819871274,0.217193525524219
0.187531469104431,0.206268209003941,0.18165541119838,0.199200891476173
-0.337088253368969,-0.286154162177424,0.0414939891432045,0.0423668963145007
0.163720276791969,0.177884787295191,-0.0365615290238975,-0.0359012279850489
0.0761342655787267,0.0791074514175245,-0.0146685350390476,-0.0145614761837215
0.320777581334343,0.378199009616701,-0.151079376699165,-0.140220550504166
0.24423895461353,0.276649355297769,0.173480001322716,0.189436899367051
0.338617434323678,0.403006500399365,0.249193110491676,0.282989767933842
0.295748644939101,0.344132259921734,0.24670082032533,0.279796166495518
-0.477707656689747,-0.37979651717895,0.11636443668833,0.123405207613806
0.0655689357577251,0.0677663420583326,-0.00448289777192529,-0.00447286458389312
0.306581535931443,0.358772251721903,0.22769454211569,0.255701702859578
0.0235393498455805,0.0238185870572972,0.163676279209792,0.177832964352518
-0.282296176102676,-0.245949680227862,0.0229626831571901,0.0232283551830729
0.278683909554526,0.321389599223408,0.167636824837686,0.182507075455209
0.0578060910449738,0.0595095274045598,0.163349531493067,0.177448172989005
0.118686265242342,0.126016592323221,0.0708785690310321,0.0734508677747495
0.232963315596758,0.262335170465441,0.0597814341288987,0.0616044906762671
0.184492201842513,0.202607603124822,-0.113455631158137,-0.107256194458795
-0.0621964865804316,-0.0603017694415129,0.00257528665651582,0.00257860555562477
-0.122908128890684,-0.115655095423732,-0.0721409565466905,-0.069600259366649
0.350899122555334,0.420344038007957,-0.0420146240891838,-0.0411442419221688
0.293637042795466,0.341296981903434,0.0847891381477238,0.0884875220030703
-0.226476047494811,-0.202661559662607,-0.00332119015473303,-0.00331568110326783
0.0827346477227376,0.0862535304543149,0.145198531015526,0.156269102761801
0.19554829746111,0.215977521131009,-0.0573076728588618,-0.0556965118869878
0.290368276209827,0.336919753114667,0.0958156986894835,0.1005562113495
0.16513250768579,0.179549407718706,0.198274264241084,0.219296757467393
0.0654875357806071,0.0676794294399123,-0.0342091869303348,-0.0336306683417879
-0.0634143203796674,-0.061445469148336,0.254177624457829,0.289400813048764
0.0701082135046509,0.0726242474031259,0.123904854668059,0.131908170097067
0.0579575765616901,0.0596700399101375,0.151992265694905,0.164151232496484
0.239946951563662,0.271181714330487,-0.112998061222671,-0.106847608262055
0.210067335561391,0.233761133158345,0.0279879048153878,0.0283832458609911
0.00498825323014229,0.00500071527795327,0.057424078938631,0.0591048592372964
0.28855834887242,0.334502213950653,0.176253639590258,0.1927405465111
0.144012301091582,0.154898314947477,-0.0174637663635785,-0.0173121586260327
0.157856924119739,0.170998641060158,-0.19151609578354,-0.174293665390906
-0.0124842485214068,-0.0124066435730209,0.10394643499044,0.109541020748418
0.168103166446512,0.183058656309781,0.0991985962747239,0.104285584786916
0.126059416249579,0.134349565077641,0.213380053204982,0.237855012621615
0.0980218920250406,0.102986931461724,0.211843249079422,0.235954132945357
-0.156524086984942,-0.144889079589016,-0.167002426248353,-0.153802441750735
0.139325538714923,0.149498245282489,0.170729215404878,0.186169509099996
0.243193014577629,0.275314754703023,0.205617875912228,0.228283757497258
-0.176308971495332,-0.161641085690717,0.201541202091902,0.223286637992971
0.104601497821949,0.110268077939216,-0.0554981286576212,-0.0539862060155182
-0.0239820560129277,-0.0236967716267595,-0.00222009725971262,-0.00221763466652723
-0.115264961892125,-0.108870002866905,-0.0384254145628947,-0.0376965241113799
-0.223866430159542,-0.200578094105092,0.17259996761913,0.188390615257484
0.348993364239797,0.417639783193119,-0.0227705107979027,-0.0225132193032056
-0.0739929437936124,-0.0713217532364554,0.183635994873513,0.201578362798302
-0.38268139769377,-0.317969838943667,0.162812896694099,0.176816482834017
0.000594764469532605,0.000594941376990732,0.132902810739977,0.142138989293325
-0.179769409925687,-0.164537161360497,0.191655129567438,0.211252719676698
-0.0217053724086904,-0.0214715059221685,0.0274017648504372,0.0277806459625005
0.351046790216699,0.420553792376971,-0.136731720740014,-0.127795810958599
0.180529222779884,0.197851125508801,-0.0416704289771251,-0.0408141516525993
-0.137301652698535,-0.128292766371452,0.00765776002678248,0.00768715565808546
0.302123258870012,0.352727952152893,0.0225263445533756,0.0227819785439509
-0.203479652262807,-0.184113194395926,0.0796409168462474,0.0828981473698222
-0.0824415437618922,-0.079134733397234,-0.0491346175501293,-0.0479470419651833
-0.183559574982042,-0.167697710133102,0.157550769100292,0.170640188822208
0.153397033694236,0.16578774408471,-0.00660242273507317,-0.00658067463180029
-0.0272850877383761,-0.0269162122794145,0.0344356947653251,0.0350354680373792
0.319768605898609,0.376809141959519,0.0973349643613365,0.102229519399231
0.23344385977462,0.262941924056395,0.155756280429811,0.168541371980893
0.309700289487947,0.363016542522737,-0.0159630390753301,-0.0158363050167514
0.267415098313951,0.30658269405315,0.0650622601890385,0.0672254679751587
-0.61759989610128,-0.460762889208907,-0.0773615885979992,-0.0744448770865239
0.0596909835601894,0.0615084722888654,-0.00570672013006829,-0.00569046773340336
0.0539671196135921,0.05544989798406,-0.0560226717857172,-0.0544823009272734
-0.192684227100102,-0.175257635687087,-0.0308827567147069,-0.030410755759315
-0.114972294869597,-0.108609160335817,0.225671145647889,0.253163489241615
0.324357077292277,0.383141107233236,0.22459321443225,0.251813392984441
-0.125190106332868,-0.117670849719429,0.190725188730456,0.210126849886051
0.338059125007836,0.402223407424397,-0.00588644345715919,-0.00586915229332774
0.197575670443193,0.218445261774273,0.264177500063988,0.302359344652875
0.20138446887627,0.223094923368977,0.217058418682401,0.24241668036324
0.0764497210103899,0.0794479154222088,0.13566896181398,0.145302691907632
0.110709597422426,0.117070459605778,0.0455009208550189,0.0465519683361376
0.102659531313005,0.10811406670169,0.0581061602487164,0.0598275012895052
0.237199893835481,0.267694496765168,0.0436591059344006,0.0446261873161612
0.203843273847195,0.226105975524475,0.195218801220088,0.215576927109366
-0.200194575446286,-0.18142853632628,0.25581802038837,0.29151767666787
0.168191734123911,0.183163441707428,0.131050372497931,0.140025205782991
0.216600513300753,0.241847901312486,0.08004440878619,0.0833351762069422
0.0490455822147834,0.0502682232006836,0.16430107133306,0.178569095051555
0.204848970114784,0.227339685992751,0.0255615592670331,0.0258910574282062
0.259568836006355,0.296371017644004,-0.116737148627045,-0.110180947413416
-0.432254499883966,-0.350955826002965,0.260090991057307,0.297048101074657
-0.203832444721247,-0.184400982340191,0.194280741276475,0.214437177745854
0.0365740657686565,0.0372511259747111,0.224395395227311,0.251565784745949
-0.0156201018429824,-0.0154987407646499,-0.0458460311835476,-0.0448109798078218
-0.0886151165198815,-0.0848022497082668,0.106007042983673,0.11182970707743
0.0804814928208473,0.0838087882132281,0.156959983037331,0.169948795166888
0.263166354973118,0.30104313594611,0.0354975521272977,0.0361351117981044
0.32267628274245,0.380818283839853,0.0878534694507658,0.0918281241314956
0.16604230243599,0.180623043897674,0.0339580928959592,0.0345412511918235
0.0129838080820202,0.013068463705534,-0.01111725941916,-0.0110556910590242
0.185523830779011,0.203848888090115,0.0137169707403207,0.0138114800160488
0.0966266339536568,0.101449053161015,0.134166235557221,0.143582907986426
-0.383630569757868,-0.318616895786695,0.095360974184023,0.10005587523673
0.198603481801877,0.219698237455275,0.0654238910519022,0.0676114794346345
0.124744644781255,0.132859134636781,0.160176223837006,0.173717689802932
-0.522864962835841,-0.407180293717394,0.239473696921765,0.270580264014288
0.311573296934761,0.365571874988339,-0.157901733113109,-0.146066308748887
-0.229588383684048,-0.205139287184951,0.106191774505827,0.112035116043766
0.125056511391203,0.133212490671759,0.0132660125495333,0.0133543964957461
0.325383153659716,0.384561043993399,-0.00382800924312116,-0.00382069175585254
0.306176708197475,0.358222294356768,-0.0148438442011863,-0.0147342174436657
-0.248583059357258,-0.220094920269813,0.134930950731516,0.144457757652002
-0.314722563030663,-0.270008627228424,-0.017872875090713,-0.0177141025729934
0.146263777395382,0.157501470508762,0.0543881487754923,0.055894366730622
-0.0340358659468682,-0.033463161743048,0.0446794986991843,0.0456926603377453
0.0701530288993905,0.0726723185593364,0.188299008585749,0.207194422886801
0.0210542918520997,0.021277497179224,-0.129224537582668,-0.121223374987857
0.0908687061787432,0.0951252126452082,0.1253919153725,0.133592638400753
-0.0348304876907115,-0.034230887864621,0.073190443941356,0.0759354227870078
0.259451895716943,0.296219428505627,0.0933894534661096,0.0978892287838173
0.263189681762701,0.301073485459556,-0.023413759288152,-0.0231417840158029
0.14214263867999,0.15274106227434,0.0234404368706129,0.0237173231232652
-0.235580882686598,-0.209888245937101,0.219710292548937,0.245715785160747
0.344909200978822,0.411861718185413,0.133794985623898,0.143158431706358
0.133545939801526,0.142873768323216,-0.354541247795018,-0.298504818134764
0.00516216995661489,0.00517551691248046,0.0303066397409224,0.0307705607155466
0.309977939601417,0.363395036762482,0.0882534683228919,0.0922649415071083
0.340704232414983,0.405937348667186,0.0444510078739753,0.045453756453582
0.318031684560969,0.374419808425887,-0.0503149710790441,-0.0490701380782886
0.2800063480107,0.323138211606302,0.170873700394054,0.186340905170461
0.222276510364527,0.248916668527138,0.143491557636713,0.154297065770802
-0.444161120121272,-0.3586379238334,-0.0956549432450955,-0.0912224581969862
0.257800277524742,0.294080335884825,-0.0214577166298193,-0.0212291376751104
0.191974683932439,0.21163984262051,0.29366184117387,0.341330244305969
-0.200368334311224,-0.181570758018181,0.10981115863481,0.116067290886691
-0.0986599210425578,-0.0939492155584116,0.167650183737205,0.182522872553927
0.33141345068276,0.392935583437386,0.090339353934831,0.0945456590640573
0.192605338266304,0.212404209538663,0.105274527624021,0.111015572958956
0.0183015274137486,0.01847002672856,0.112765418142969,0.11936931841407
-0.15412565061298,-0.142835688976419,-0.0732934890021821,-0.0706719575622027
0.328450499040715,0.388814490976965,-0.0990879157970567,-0.0943369175683307
-0.0310160315541355,-0.0305399689995247,0.00173067433603588,0.00173217281720086
-0.14992772309695,-0.139229812019774,-0.0368654825867902,-0.0361942247108282
0.137087441542642,0.146928433327315,0.265664479753273,0.304297367089426
0.240651961852007,0.272078226505466,-0.442269299310463,-0.357423433273407
0.103268943285554,0.10878957049003,0.0753510797520179,0.0782626406211819
-0.0508752205908893,-0.0496027468583934,0.0213179154994513,0.0215467655691867
-0.228437519514194,-0.204223983876683,-0.0257909542017357,-0.0254612084438902
0.0938429731751926,0.0983872561115288,0.20354795648616,0.225743938603959
0.00804370784629854,0.00807614537860474,0.0953051156004339,0.0999944293898253
-0.013119781494479,-0.013034092311717,0.168746388590026,0.183819870623301
0.220829224834694,0.247110436886553,0.0597913041107959,0.0616149687450812
0.000521526576436393,0.000521662595066107,-0.14846297166349,-0.137968073812214
0.072477344312299,0.0751684471336573,0.0389655525837619,0.0397346668604169
0.0751442480899613,0.0780396448291788,0.236764667990901,0.267142883404046
0.332106810723514,0.393901724213285,0.12907199212785,0.137772031846923
-0.0159016865390656,-0.015775922225665,0.185655712122206,0.204007663768025
-0.164293924270926,-0.151507407341332,0.06523701189244,0.0674119837401
0.141187825458342,0.151640935158481,-0.0701139733179488,-0.0677124420557122
-0.295006211962561,-0.255473037522072,0.0237633971215011,0.0240479965210873
-0.0604593231859442,-0.0586679413712357,-0.0649288983809055,-0.0628659072400492
0.199999020686158,0.221401562024128,0.196598668724529,0.2172554199928
0.0567422686371518,0.0583829967485263,0.0698800466582335,0.0723795380295497
-0.227879279655075,-0.203779625967943,0.130660986742205,0.139581382621506
-0.0345132329444715,-0.0339244444222761,0.0380777473572214,0.0388119946261829
0.0783315538699149,0.0814811685007946,0.0354458465113832,0.0360815391789928
0.0244573866283125,0.0247589217439335,0.155716830779869,0.1684952743421
-0.11856269685596,-0.111803873193562,-0.0215746747363081,-0.0213436061677148
0.0702080020029716,0.0727312883066732,0.0527004730307536,0.0541138622985663
0.347884371237544,0.416068502024791,-0.0903118778958537,-0.0863538052203618
0.259014810309534,0.295652993707837,0.168650803073928,0.183706719997867
0.122401481082881,0.130207767743548,-0.154400528151062,-0.143071271812266
0.0152937663680114,0.0154113144995797,0.195858985840338,0.2163553699098
0.266049500637582,0.304799645502739,0.00049572987864685,0.000495852773009772
0.310439190971137,0.364024049646034,-0.00314688583785633,-0.00314193958241215
0.157687209751449,0.170799922628685,0.0656241512594796,0.0678253009403731
-0.043286137907476,-0.0423626654829599,-0.109168143103983,-0.103420348862081
0.0743856898587776,0.0772221990623561,-0.125737370836978,-0.118153585040318
0.164216772560611,0.178469747311102,-0.166508291108696,-0.15338420247726
0.0779935221805997,0.0811156553754338,0.122105481203227,0.129873275887528
0.0528073486319406,0.0542265273717855,0.0645856978916183,0.0667169897246802
0.198975454649932,0.220152016473933,0.244506313235285,0.276990724141785
0.102276867634168,0.107690112817405,0.187701086915569,0.206472830930469
0.125864010062478,0.134127927809642,-0.212521612434203,-0.191457158446346
-0.0159219742728554,-0.0157958896991962,0.44207936130347,0.555939216898789
-0.174732867310685,-0.160318702864829,-0.0263243212143302,-0.0259808566938635
0.251636687971125,0.286128686370438,0.289366536318039,0.335581177829921
-0.496624908409912,-0.391418785299724,0.10442000408208,0.110066589518491
0.00864472139843525,0.00868219490731007,-0.0989714810612915,-0.0942314607873384
0.213726653848167,0.238284128326753,0.118090981612546,0.125346492548434
0.332448326793383,0.394377845348803,0.0702202338547229,0.0727444098770112
0.29509941935174,0.343259898076252,0.0231499335159581,0.0234199729993751
0.0963221349883795,0.101113714121808,0.0757893930129856,0.0787353610276155
0.190330007145548,0.209648724518966,0.130449681437959,0.139340608470062
0.114705072030021,0.121542614503308,0.0188321965871943,0.0190106408067495
0.0170776713294837,0.0172243284229185,-0.0212646884913676,-0.021040189121978
0.0346403711045021,0.0352473369894366,0.0936079535411848,0.0981291438725086
-0.0449077002879448,-0.0439142758022916,0.0804822302220223,0.0838095874153968
-0.267307744371274,-0.234562523859178,0.0401840934689704,0.0410023982961829
0.326127145450703,0.385591529333033,0.0294109712629951,0.0298477453463487
0.214895066907881,0.239731801249205,-0.226033040942291,-0.202308255256656
-0.0350303781428903,-0.0344239165962032,0.0151811629013383,0.0152969821027009
0.0552310699454045,0.056784777665923,0.025929079184889,0.0262681621178589
-0.120907730619634,-0.113884282830887,0.151296127730195,0.163341104639974
0.319433402928325,0.376347708786826,-0.281312688000573,-0.245207715913247
-0.105821817381245,-0.100415075806124,0.21930075618178,0.245205723695072
0.108054556925711,0.11410852606454,-0.129304721939219,-0.121293836301099
0.191916364603989,0.211569182659006,0.0023593162605974,0.0023621016373036
0.289174610958624,0.33532487052906,-0.144162270350955,-0.134252748450043
0.20919007648656,0.23267927961041,-0.0062103190629251,-0.00619107488958736
0.10713647329234,0.113086150645842,0.0658510813258452,0.0680676501038982
-0.118572282397139,-0.111812386993305,0.0874734823900482,0.0914133223864371
0.247878851184789,0.281304694245132,-0.0382317227473158,-0.0375101157516931
0.0341646358969039,0.0347549505147358,0.0312157615438434,0.0317080828024152
0.343088188143036,0.409293039382608,0.180308401867663,0.197586644133145
0.0914713019642863,0.0957853293547886,0.0656555607401716,0.0678588413052853
0.297027162859089,0.345851856135926,0.13215693864736,0.141287417316687
0.121143830560977,0.128787254796244,0.113807558123252,0.120536465993438
0.0845599044139079,0.0882380325409825,0.0266856302538709,0.0270448801693599
-0.0493548450386531,-0.0481566871114136,0.195822237026032,0.216310671113501
-0.16824522217594,-0.154853439406982,0.0999946953500382,0.105165055546329
-0.576456119258878,-0.438113900332154,0.123207785625537,0.131119426888889
0.126429799826033,0.134769787343413,-0.149536016618891,-0.138892576716707
0.273511383791956,0.314572323944727,-0.0793991819434847,-0.0763288619964694
0.233362568418057,0.262839261966954,0.0709379754046277,0.0735146394922415
0.00238600356941221,0.00238885234120481,0.129607407225162,0.138381375281354
0.271130819466573,0.31144662191072,0.0894425385053152,0.0935644936565981
-0.0899727822289003,-0.0860439392204438,0.00378575009848317,0.00379292510178659
0.219045106146935,0.24488742749637,-0.09916522448174,-0.0944069304836616
0.342623392855639,0.408638158823831,0.134501542216692,0.143966423245148
0.182733445729047,0.200494368527585,0.209800906645443,0.233432467302088
0.248879762791061,0.282587809019887,-0.0405606387867813,-0.0397490657057352
0.242801244235636,0.274815222062851,0.0614353895694853,0.063361790046198
-0.0958863958240304,-0.0914327727628515,0.202848779057733,0.224887225641139
0.333746622931949,0.396189336392586,0.182630661666862,0.200370983180889
0.0323457702567356,0.0328745808775104,0.0962985101094214,0.101087700750875
0.0166655083814204,0.0168051526351723,-0.213179793461548,-0.191989150911574
0.0272652037573395,0.0276403006970927,0.199082648018394,0.220282815688895
0.258131638528076,0.294509214696252,0.240210914429619,0.27151730338853
0.257390527475318,0.293550195023277,-0.125846337277603,-0.118249671470142
0.183527596593291,0.201448120829353,0.0693073414291289,0.0717655564925355
0.308402690950296,0.361249041251901,0.160889083251777,0.174554683802472
0.297519310068597,0.346514376386708,0.0454963803634134,0.0465472164864985
0.245026831755117,0.277655594487006,0.0466282991465753,0.0477324936304846
-0.188566144821003,-0.171854275923707,-0.0188540263930051,-0.0186774010124407
0.240125847840757,0.271409144349277,-0.0934143957759019,-0.0891840162153852
0.0875736461437435,0.0915226479167767,0.152840589170531,0.165139228326966
0.187560063866137,0.206302702449095,0.141491555418454,0.151990776139684
0.313957393943212,0.368831414795962,-0.0768420646180291,-0.0739639040776982
-0.0650713187345761,-0.0629993647052216,0.0657079884421304,0.0679148281579696
0.288113179434427,0.333908266563488,0.136798811851335,0.146597443496698
0.126145418863417,0.134447126300444,0.00908837610352131,0.00912980079290398
0.296862479045019,0.345630234368344,-0.117929310818333,-0.111241123968231
-0.0193218235590722,-0.0191363535865183,0.154839383625225,0.167470431177027
0.134043518070024,0.143442578976144,-0.140391689254079,-0.130982216199976
0.120854513792799,0.128460724953283,-0.0885343518896411,-0.084728331115404
0.29600787569922,0.344480745516315,0.0818746029280166,0.085319705382957
0.283856321635754,0.328242077393372,0.19454676107148,0.214760285049489
0.053738560886281,0.055208693264408,-0.169612159224953,-0.156007912326836
0.259508419521081,0.296292697829435,0.0362682881084886,0.0369340062389403
0.0691800364081636,0.0716291240403488,0.126130006158811,0.134429641536739
0.145011522557423,0.156052890877097,-0.11879509987186,-0.112010268667748
0.303818492953686,0.355023087529529,-0.0484046764945731,-0.0472518457287802
0.306295768165819,0.358384013887108,0.0823337450675162,0.0858181358109779
0.0626451676279257,0.06464900027033,0.170354519861327,0.185725139927814
-0.0760953940377479,-0.0732722019639216,-0.0326189267325141,-0.0320926670702785
0.296410794004163,0.345022570567612,0.10204164415374,0.107429588735724
0.207031953794233,0.230021875018702,0.121487766101392,0.129175551621448
0.239052099611856,0.270044703696283,0.0524010980872747,0.0537983342535722
0.263934639192958,0.30204309093242,0.0132008243642077,0.0132883399146245
0.295282264839303,0.343505529542858,-0.0980584923317329,-0.0934041267035701
0.186552111241819,0.205087419051375,0.197914414923373,0.218858073295966
0.339200900485408,0.403825346078177,0.121278259429883,0.128939006589824
0.257749500612993,0.294014628150046,0.0492035896480908,0.0504341864982879
-0.289493305428406,-0.25135719526303,0.136250661284042,0.145969107684637
-0.370904148477761,-0.309889913509005,0.26634918873763,0.305190737029255
0.262969407341544,0.300786923812924,-0.131986923275945,-0.123647545176328
-0.269699711902718,-0.236391237465756,-0.0453023902558937,-0.0442915587863294
-0.196785710861047,-0.178633375597797,0.0789454881800798,0.0821453307510698
0.0671513173536586,0.0694572933790522,-0.146708025330293,-0.136453925808619
0.318554367619981,0.37513838215252,0.0905348971789741,0.0947597110006164
0.341303490293621,0.406780120193763,-0.0213567925333702,-0.0211303511253118
0.139929182638595,0.150192342386199,0.100523724059094,0.105749874268266
0.260568045935887,0.297667011814485,0.161581195314993,0.17536788865002
0.32778897062838,0.387896054551111,0.0953430782133552,0.100036188845208
0.180771667363645,0.198141573233648,-0.0987705033941594,-0.0940494032452285
-0.155283491872756,-0.143827574848126,0.22216817075953,0.248781368717892
0.1690728172687,0.184206366457687,-0.0548321525972142,-0.0533559736393658
0.180070431981941,0.197301688483076,-0.0135996124330095,-0.0135075554892762
-0.269818519498686,-0.236481954598044,0.0343934567283757,0.0349917510943017
-0.0859298244568531,-0.0823413738468364,-0.0940315268066192,-0.0897459356154688
